{
  "model": "meta-llama/Llama-3.1-8B",
  "graph_type": "grid",
  "graph_size": 4,
  "num_nodes": 16,
  "layer": 26,
  "n_samples": 50,
  "context_results": {
    "5": {
      "energy_mean": 61788.63199999999,
      "energy_std": 33876.26087391514,
      "energy_median": 56138.0,
      "normalized_energy_mean": 6.438467961980377,
      "normalized_energy_std": 0.4870451317235113,
      "n_valid_samples": 50
    },
    "10": {
      "energy_mean": 33800.762584415585,
      "energy_std": 24000.837543987673,
      "energy_median": 25005.0,
      "normalized_energy_mean": 11.790367950389406,
      "normalized_energy_std": 0.48647614409756684,
      "n_valid_samples": 50
    },
    "15": {
      "energy_mean": 19575.62736086136,
      "energy_std": 16227.843387075909,
      "energy_median": 14203.25,
      "normalized_energy_mean": 16.860946171725015,
      "normalized_energy_std": 0.52389797185337,
      "n_valid_samples": 50
    },
    "20": {
      "energy_mean": 15293.456998863194,
      "energy_std": 13969.113153009754,
      "energy_median": 9028.111111111111,
      "normalized_energy_mean": 21.912327790278255,
      "normalized_energy_std": 0.5332741785921294,
      "n_valid_samples": 50
    },
    "25": {
      "energy_mean": 12314.185786731243,
      "energy_std": 12425.139925910105,
      "energy_median": 5910.85,
      "normalized_energy_mean": 27.210243882477393,
      "normalized_energy_std": 0.50955495002127,
      "n_valid_samples": 50
    },
    "30": {
      "energy_mean": 7467.878589167368,
      "energy_std": 7059.062285959343,
      "energy_median": 5172.85294117647,
      "normalized_energy_mean": 32.248656963819286,
      "normalized_energy_std": 0.5358865801784384,
      "n_valid_samples": 50
    },
    "40": {
      "energy_mean": 7924.96962757912,
      "energy_std": 9089.322988709391,
      "energy_median": 3314.8678571428572,
      "normalized_energy_mean": 42.58437113186223,
      "normalized_energy_std": 0.5942975518863072,
      "n_valid_samples": 50
    },
    "50": {
      "energy_mean": 3960.95222179781,
      "energy_std": 6751.370533613565,
      "energy_median": 2222.0625,
      "normalized_energy_mean": 53.013992121316406,
      "normalized_energy_std": 0.5938532243140783,
      "n_valid_samples": 50
    },
    "75": {
      "energy_mean": 3287.7807481392874,
      "energy_std": 5872.430445221441,
      "energy_median": 1168.9,
      "normalized_energy_mean": 79.30209206280492,
      "normalized_energy_std": 0.7695855237213474,
      "n_valid_samples": 50
    },
    "100": {
      "energy_mean": 969.4450289264829,
      "energy_std": 1091.7912477595926,
      "energy_median": 678.750946969697,
      "normalized_energy_mean": 105.60736161078685,
      "normalized_energy_std": 0.8616918191312934,
      "n_valid_samples": 50
    }
  }
}