{
  "model": "Qwen/Qwen2.5-7B",
  "graph_type": "grid",
  "graph_size": 4,
  "num_nodes": 16,
  "layer": 20,
  "n_samples": 50,
  "context_results": {
    "5": {
      "energy_mean": 203084439.68,
      "energy_std": 14864337.157196527,
      "energy_median": 208709920.0,
      "normalized_energy_mean": 5.381741984265201,
      "normalized_energy_std": 0.4907417174034381,
      "n_valid_samples": 50
    },
    "10": {
      "energy_mean": 207159416.32,
      "energy_std": 10746561.948733523,
      "energy_median": 209789200.0,
      "normalized_energy_mean": 10.62103695849509,
      "normalized_energy_std": 0.508838699635071,
      "n_valid_samples": 50
    },
    "15": {
      "energy_mean": 203506792.96,
      "energy_std": 12558036.819666937,
      "energy_median": 207749936.0,
      "normalized_energy_mean": 15.529000439475613,
      "normalized_energy_std": 0.5233479077947046,
      "n_valid_samples": 50
    },
    "20": {
      "energy_mean": 202160529.28,
      "energy_std": 14055454.07368808,
      "energy_median": 205677584.0,
      "normalized_energy_mean": 20.378479089175197,
      "normalized_energy_std": 0.5697246405953027,
      "n_valid_samples": 50
    },
    "25": {
      "energy_mean": 204995020.8,
      "energy_std": 11883475.19657603,
      "energy_median": 207827504.0,
      "normalized_energy_mean": 25.597973575701502,
      "normalized_energy_std": 0.6474913102567287,
      "n_valid_samples": 50
    },
    "30": {
      "energy_mean": 204829934.08,
      "energy_std": 9605210.151980251,
      "energy_median": 207861776.0,
      "normalized_energy_mean": 30.354362766791542,
      "normalized_energy_std": 0.5813143325648461,
      "n_valid_samples": 50
    },
    "40": {
      "energy_mean": 203260236.16,
      "energy_std": 11889957.404101597,
      "energy_median": 207876840.0,
      "normalized_energy_mean": 40.34271208750341,
      "normalized_energy_std": 0.5903939618883478,
      "n_valid_samples": 50
    },
    "50": {
      "energy_mean": 204170338.24,
      "energy_std": 13208992.629616179,
      "energy_median": 207983968.0,
      "normalized_energy_mean": 50.5435073072779,
      "normalized_energy_std": 0.9532183537544237,
      "n_valid_samples": 50
    },
    "75": {
      "energy_mean": 205394582.72,
      "energy_std": 13223405.866693763,
      "energy_median": 209178848.0,
      "normalized_energy_mean": 75.70841446036404,
      "normalized_energy_std": 1.1654538129961365,
      "n_valid_samples": 50
    },
    "100": {
      "energy_mean": 207491551.36,
      "energy_std": 18445099.92169285,
      "energy_median": 210376848.0,
      "normalized_energy_mean": 101.49788021348401,
      "normalized_energy_std": 3.6066866769272843,
      "n_valid_samples": 50
    }
  }
}