{
  "n_contexts": 20,
  "css_level_1": [
    -764.1475064153836,
    -196.1767752821003,
    -181.10834263243095,
    -88.03017642449757,
    -101.44069209548232,
    -150.9286579394947,
    -587.6211643397011,
    -314.86565138445445,
    -255.95712922614757,
    -137.9371940535088,
    -325.0368751024366,
    -157.0421918160389,
    -617.1593161220642,
    -259.17997126865174,
    -201.89821761544204,
    -193.56418788419276,
    -405.7660656343768,
    111.29228228864106,
    -54.19916514988082,
    431.92978727780275,
    509.2018939945363,
    92.07522923488531,
    368.4270913529614,
    -47.850999599041316,
    523.06894830757,
    61.5910123402158,
    185.07972648493902,
    166.78746995493032,
    296.44918248976717,
    304.2426149064462,
    388.4431691852724,
    330.8780089357991,
    -170.05411994135966,
    248.2106515204453,
    120.64178401515514,
    47.477681404999814,
    -189.92800458023467,
    -397.83555867215784,
    -9.969310044058876,
    -510.0429983411062,
    337.04339272144273,
    92.83644542410813,
    326.76683908316954,
    -794.6733976717554,
    -170.80477908354436,
    189.05613389784443,
    358.87020273002986,
    -81.55959633935919,
    484.53040897648145,
    -204.70619093248197,
    -234.3634817348689,
    -109.77645778795957,
    148.9491423419158,
    245.27257442291665,
    474.92337128349334,
    231.78506303352037,
    154.73802072766617,
    406.7183614154151,
    457.99685349967456,
    668.6761474293478,
    3.461234222862464,
    67.83549235818863,
    397.64383112253927,
    -65.92892325864156,
    92.49580684325296,
    240.72157277882192,
    621.9117852643823,
    10.858018319297958,
    5.929139620202774,
    295.2364935549743,
    229.37194935201515,
    303.8648468661777,
    22.994618582443138,
    236.76458689913807,
    162.95674900165233,
    -147.36597430736413,
    106.19446869784674,
    -112.81517532151229,
    -103.96031484443748,
    -61.880530217432955,
    270.5574306168461,
    132.51694938590714,
    306.2022639863843,
    -66.25989337649428,
    303.815553552792,
    407.2061890012516,
    189.20953270658217,
    296.86156061493915,
    419.796316603564,
    245.67162189921274,
    327.2818457545512,
    245.58891013795954,
    -251.2277806068052,
    146.57543726398922,
    393.168128642616,
    546.7272717762063,
    635.6504193414027,
    168.70082923697717,
    337.2492919196839
  ],
  "phi_level_1": [
    95.98930451271266,
    621.5674046118183,
    237.998620429962,
    933.6275936354428,
    763.7637799948574,
    0.0,
    45.31686416601435,
    0.0,
    162.6701013736661,
    202.15511118564078,
    134.80003307234838,
    0.0,
    299.6178311777853,
    589.3132662300939,
    33.63917767247437,
    112.45887459973311,
    31.889775356023147,
    194.330925479845,
    305.84750004633037,
    0.0
  ],
  "phi_mean_level_1": 238.24930817723742,
  "phi_std_level_1": 268.57595830114735,
  "css_level_2": [
    -2643.684809470383,
    -119.50346039292431,
    -862.2612500149028,
    779.3749070779329,
    -848.5868332657777,
    671.5543409607064,
    187.4779288486182,
    -408.17531262573465,
    -1115.249647891709,
    -481.95591113159554,
    -339.80926724722633,
    906.6385563814498,
    144.58328400379077,
    598.1605699872491,
    -314.13888360123224,
    758.142492535301,
    -143.9474041915434,
    1232.2343455083899,
    -224.8127493918183,
    558.7087359017181,
    463.4534739518916,
    -341.3583690775271,
    1128.1250253879844,
    -742.0614592935574,
    398.3403265829087,
    -431.0121573203798,
    816.7564407385446,
    -304.52204150672617,
    401.45369872715133,
    170.49622831408988,
    1746.5676008420664,
    194.37684323226154,
    -974.6973498053245,
    357.31982734032545,
    -828.0004480433839,
    -547.2606741518526,
    -7.212942191596312,
    1570.8954031125927,
    411.42357611509,
    -2518.6022873047427,
    1264.234215906112,
    -214.06428929573917,
    -43.82757061745976,
    320.2041321815101,
    -57.9392621696371,
    -550.6397871723701,
    465.2843700959047,
    553.3505085378304,
    -242.0004301618149,
    1123.9403621050053,
    -84.42785012055455,
    705.3843658863062,
    17.314764681210708,
    1845.6251579924035,
    1174.7825492174043,
    1049.7723055890622,
    2224.523681992443,
    -468.8014591824514,
    201.48220820968578,
    2007.8528859307858,
    448.98308513447864,
    -1825.6769954859978,
    1025.1631035639625,
    976.6281597418645,
    -909.2395279303322,
    823.9605488244109,
    -157.35444229384493,
    -450.15758092080733,
    886.160904818979,
    -47.187572844141826,
    1725.6569853733777,
    891.0740261343768,
    -435.78338114832115,
    270.92005578000465,
    909.2756439825347,
    988.8517673068875,
    112.0640081417464,
    347.102857803879,
    578.6663067082122,
    -576.2880062900963,
    1322.93738879657,
    915.0000087348192,
    676.5114107127067,
    169.80671242233845,
    1691.5138186627596,
    893.4109010903323,
    1600.4245662056453,
    -196.815041215191,
    207.50789613555085,
    569.1594200970081,
    1210.7553850759546,
    153.2356424250523,
    -490.1398405449675,
    1006.1579339145253,
    1153.9142420462554,
    784.6627360628848,
    1053.380571135618,
    1320.7705087250356,
    113.475737517083
  ],
  "phi_level_2": [
    233.51044926282512,
    731.800499029581,
    1641.6034109707184,
    3907.105123926056,
    2213.300357811568,
    0.0,
    2064.1717669764457,
    375.2223349190829,
    273.33773967593714,
    495.0620300292162,
    186.4846066384186,
    0.0,
    397.65117775019104,
    505.70686153828075,
    147.03531566827135,
    349.9703770141921,
    698.279190727569,
    2669.982120767814,
    439.6103798939324,
    375.1745005791956
  ],
  "phi_mean_level_2": 885.2504121589649,
  "phi_std_level_2": 1025.677175026562,