{
  "context_lengths": [
    10,
    20,
    30,
    50,
    75,
    100
  ],
  "phi_trajectory_level_1": [
    171.50914870599837,
    2338.894310988758,
    1395.3596269434602,
    226.97838108201736,
    122.29702705133248,
    1149.6331722877057
  ],
  "phi_std_level_1": [
    409.4479951185541,
    7946.805666742273,
    3278.9044016559724,
    459.25349851860454,
    170.05568012368494,
    1324.1650800052648
  ],
  "phi_trajectory_level_2": [
    545.5884535695042,
    2460.925986859386,
    2538.0143397039405,
    408.14359198644905,
    306.78411052616116,
    2880.260182374353
  ],
  "phi_std_level_2": [
    845.0469215771902,
    6436.605412284877,
    3715.8291433791446,
    537.343810629912,
    303.71266026126943,
    1755.881239367151
  ],
  "phi_trajectory_level_3": [
    733.6843044361922,
    29671.87699472093,
    2348.009870894348,
    402.1517703823903,
    791.2011216567469,
    2836.5949378843434
  ],
  "phi_std_level_3": [
    972.3044500818705,
    77511.19415915752,
    3337.688593644307,
    437.0307478564869,
    1059.533684331362,
    1792.7148808065888
  ],
  "phi_trajectory_level_4": [
    824.2062879451807,
    32520.073721963243,
    1538.705524355177,
    1077.8321884792877,
    646.3859905060428,
    2510.8940189437167
  ],
  "phi_std_level_4": [
    1021.580188663082,
    71753.01127761368,
    760.8481153519378,
    637.7374813675463,
    417.2981116480126,
    1593.330925075289
  ],
  "phi_trajectory_level_5": [
    989.2363415949549,
    28751.567650093115,
    7359.01662592959,
    1166.515019283092,
    845.77018975318,
    2898.39001130678
  ],
  "phi_std_level_5": [
    939.7563452917558,
    63167.92382282738,
    14137.000837157164,
    657.2695617354398,
    645.6302365449284,
    1724.744224325477
  ]
}