{
  "model": "meta-llama/Llama-3.1-8B",
  "context_lengths": [
    5,
    10,
    15,
    20,
    30,
    50,
    75,
    100
  ],
  "branching_ctx": 20,
  "distances": {
    "5": 34.86360480369154,
    "10": 28.584795133825548,
    "15": 15.596768511496242,
    "20": 17.943223869770783,
    "30": 15.985994843269866,
    "50": 13.475267599201914,
    "75": 12.203675627983335,
    "100": 13.05732883024338
  },
  "tokens_per_cluster": {
    "A": [
      "crystal",
      "marble",
      "lantern",
      "castle",
      "silver"
    ],
    "B": [
      "cloud",
      "canvas",
      "pillar",
      "tunnel",
      "ocean"
    ],
    "C": [
      "barrel",
      "stone",
      "ladder",
      "bamboo",
      "copper"
    ]
  }
}