{
  "model": "Qwen/Qwen2.5-7B",
  "graph_type": "grid",
  "graph_size": 4,
  "num_nodes": 16,
  "layer": 20,
  "n_samples": 50,
  "context_results": {
    "5": {
      "energy_mean": 50661295.47733333,
      "energy_std": 28343406.0615584,
      "energy_median": 41324857.6,
      "normalized_energy_mean": 5.381741984265201,
      "normalized_energy_std": 0.4907417174034381,
      "n_valid_samples": 50
    },
    "10": {
      "energy_mean": 28151600.047722947,
      "energy_std": 20238164.055366676,
      "energy_median": 21290257.6,
      "normalized_energy_mean": 10.62103695849509,
      "normalized_energy_std": 0.508838699635071,
      "n_valid_samples": 50
    },
    "15": {
      "energy_mean": 15856550.648017759,
      "energy_std": 13558434.79778572,
      "energy_median": 11749641.6,
      "normalized_energy_mean": 15.529000439475613,
      "normalized_energy_std": 0.5233479077947046,
      "n_valid_samples": 50
    },
    "20": {
      "energy_mean": 12241559.403702505,
      "energy_std": 11790846.312587263,
      "energy_median": 7067310.12987013,
      "normalized_energy_mean": 20.378479089175197,
      "normalized_energy_std": 0.5697246405953027,
      "n_valid_samples": 50
    },
    "25": {
      "energy_mean": 10002651.364727976,
      "energy_std": 10673375.515885366,
      "energy_median": 4745925.6,
      "normalized_energy_mean": 25.597973575701502,
      "normalized_energy_std": 0.6474913102567287,
      "n_valid_samples": 50
    },
    "30": {
      "energy_mean": 5887546.448713745,
      "energy_std": 5807831.685448656,
      "energy_median": 4099609.882352941,
      "normalized_energy_mean": 30.354362766791542,
      "normalized_energy_std": 0.5813143325648461,
      "n_valid_samples": 50
    },
    "40": {
      "energy_mean": 6241226.374198482,
      "energy_std": 7486255.970614667,
      "energy_median": 2583177.1428571427,
      "normalized_energy_mean": 40.34271208750341,
      "normalized_energy_std": 0.5903939618883478,
      "n_valid_samples": 50
    },
    "50": {
      "energy_mean": 3101533.755528393,
      "energy_std": 5928334.056429921,
      "energy_median": 1562379.3333333333,
      "normalized_energy_mean": 50.5435073072779,
      "normalized_energy_std": 0.9532183537544237,
      "n_valid_samples": 50
    },
    "75": {
      "energy_mean": 2562818.844248804,
      "energy_std": 4999824.214267517,
      "energy_median": 790519.6000000001,
      "normalized_energy_mean": 75.70841446036404,
      "normalized_energy_std": 1.1654538129961365,
      "n_valid_samples": 50
    },
    "100": {
      "energy_mean": 654008.9794519633,
      "energy_std": 925140.1141744403,
      "energy_median": 441001.78181818186,
      "normalized_energy_mean": 101.49788021348401,
      "normalized_energy_std": 3.6066866769272843,
      "n_valid_samples": 50
    }
  }
}