{
  "n_contexts": 15,
  "css_level_1": [
    -969.6203041182885,
    1319.4091407067467,
    378.8450872648584,
    1718.4455667700188,
    1282.6630687637003,
    1892.5435097931206,
    2017.889338830096,
    1178.813129258054,
    1822.4671571394497,
    1075.5122957781573,
    1333.441938379845,
    1176.0979556881925,
    2908.7323823776264,
    1296.2664137514328,
    1202.4073625082324,
    1219.9420123955665,
    2390.1605998639366,
    1800.7658992957834,
    427.73729625518,
    1150.0065444860636,
    1447.4345391229906,
    944.075107500397,
    1341.1685894599434,
    1477.2609335462432,
    814.9747845890257,
    1815.4801724407548,
    1164.9591576348955,
    1505.2911046601218,
    839.0067764940309,
    669.7626426391619,
    559.1828489067705,
    748.666338422372,
    700.6675486904985,
    1099.2771306684917,
    535.9763757727835,
    1234.5527804665767,
    734.6583340225968,
    2193.500699304435,
    968.0091561853802,
    3431.916579028424,
    1432.3033584172515,
    2159.0235105349493,
    1087.6745925326172,
    244.609820561852,
    44.08317921013255,
    2069.4232850075837,
    300.653379232802,
    2121.4665347043792,
    859.906286024022
  ],
  "phi_level_1": [
    1674.9630406979963,
    172.0754740830652,
    45.69537978473551,
    236.35683233553388,
    153.71020798869995,
    360.8251651273845,
    102.82153264276639,
    501.2192384529437,
    357.4825074429741,
    54.38894072418617,
    225.94453471349166,
    2760.676004651793,
    169.76718634628938,
    506.1991563981713,
    193.10945730961
  ],
  "phi_mean_level_1": 501.0156439133094,
  "phi_std_level_1": 715.025073991604,
  "css_level_2": [
    -1226.8685521377097,
    948.2123455879414,
    759.6104178092597,
    1350.7768482723575,
    928.8513634829812,
    1295.6002547592404,
    1032.9727717396684,
    1665.172563258319,
    708.8511078782735,
    1745.8888580938212,
    763.8374479667697,
    829.5642526412779,
    1892.1617450239887,
    210.55106211607747,
    1776.1170466862168,
    236.44612118535719,
    2007.7402706562466,
    1197.8731445281066,
    762.7826324672438,
    1395.4313795644043,
    1701.5450860835954,
    -95.11051392113364,
    1247.113279152942,
    676.5367721923061,
    917.9129594342795,
    295.2350240329379,
    803.1335952939803,
    1920.1932537167393,
    650.8257400982245,
    1339.5692458576245,
    1010.5302629911075,
    1764.03251981286,
    1275.8400579297547,
    1751.9860954232283,
    1247.9350476272389,
    1909.0671152233517,
    1395.8655102407424,
    2142.264537788141,
    1759.3393387940146,
    2536.814975865319,
    1649.4159056255987,
    1642.970318492277,
    1750.4196897471763,
    143.69569411107906,
    -70.48300336414353,
    75.67263965769459,
    103.07835334064595,
    554.8986983635789,
    831.2336958828074
  ],
  "phi_level_2": [
    1281.4198286220765,
    258.9594859063381,
    170.2908868023502,
    1512.8585912239362,
    329.05514657787575,
    916.4093271999153,
    1096.995980433924,
    1051.66837921288,
    432.17377251788116,
    126.92199195588468,
    508.98437400926167,
    2078.9598836965138,
    431.0515083255306,
    1744.6462482990669,
    299.2672403584448
  ],
  "phi_mean_level_2": 815.9775096761254,
  "phi_std_level_2": 600.0120457131759,
  "css_level_3": [
    -3545.882241194245,
    1208.9229624049647,
    1907.3402194925854,
    1808.8474776139933,
    2224.1112860381922,
    2470.6412218191963,
    2350.932656276016,
    4495.696351243167,
    1049.6973500524941,
    3933.4011254819447,
    1433.1754351372108,
    1164.6075365124582,
    3726.6255731137617,
    -296.58204737557503,
    2822.448405959021,
    345.1350326522762,
    4382.678662419947,
    1927.242092910916,
    454.9026149865977,
    2428.109652494777,
    3094.460381273725,
    -1697.7404896412559,
    2309.370073201013,
    405.9608358343393,
    2556.586891338035,
    -554.9582793719818,
    1751.192725131539,
    3591.5840682771673,
    1830.7177115983184,
    2531.308813855894,
    2875.1867068373886,
    3492.9338684523923,
    2625.3430233970707,
    2970.6362939485266,
    3498.705745889922,
    4580.376399044707,
    3171.495655179146,
    4518.235655311596,
    4049.870762107898,
    6521.22846241954,
    3967.8976414606605,
    3804.5105398620594,
    3597.8264798582945,
    285.6814459106037,
    -682.3798156364503,
    -1633.8353292262118,
    -601.1126326450412,
    956.3273034159766,
    1445.9284213778108
  ],
  "phi_level_3": [
    3493.520106310711,
    649.9932977896776,
    477.2828950059556,
    4029.4749314378605,
    728.6493226425386,
    3073.085565097387,
    1023.4163011398593,
    1078.5558911635649,
    801.0962365910498,
    456.91546655350606,
    797.5224702876094,
    4509.053058318773,
    943.4688088887345,
    3610.6154340336348,
    830.7694331139105
  ],
  "phi_mean_level_3": 1766.894614558318,
  "phi_std_level_3": 1434.8826789815719
}