{
  "context_lengths": [
    10,
    20,
    30,
    50
  ],
  "phi_trajectory_level_1": [
    572.5817109755,
    1796.034628114947,
    1605.054347668695,
    454.02966157842457
  ],
  "phi_std_level_1": [
    934.1344343301168,
    2714.393295025239,
    1314.5551371740432,
    404.678348642094
  ],
  "phi_trajectory_level_2": [
    754.4238543338347,
    1680.5219277065341,
    873.6565926201467,
    759.3960574593335
  ],
  "phi_std_level_2": [
    933.8684636213708,
    1451.6714929216303,
    525.0156803379502,
    496.3578754113201
  ],
  "phi_trajectory_level_3": [
    1193.1845944432791,
    1282.0862075386756,
    3139.8229815957284,
    1130.02247296267
  ],
  "phi_std_level_3": [
    1118.4196929670466,
    1198.9151694058,
    226.21252434171333,
    539.4850300445066
  ]
}