{
  "n_contexts": 10,
  "css_level_1": [
    -46.88813994045047,
    787.5059298481726,
    522.512921865908,
    1336.2091144119238,
    1216.940192004875,
    753.52342993555,
    1406.717935531175,
    949.4989269115222,
    1250.7486066822207,
    1041.8872273930988,
    1615.4096642262055,
    1546.5322898417253,
    1041.4982262398066,
    652.8476671844637,
    881.8155924381879,
    1180.508182793555,
    852.4623733419888,
    546.5670128200763,
    969.6007087628034,
    1171.4048337238887,
    848.5249231563688,
    741.8084559248957,
    798.7720638189339,
    888.5299218325126,
    888.0396202030215,
    1479.2199292908542,
    782.3201755543714,
    894.7902223271573,
    650.1260118670053,
    1178.120649084772,
    335.72205782994627,
    1000.7764372541951,
    1191.2498437700385,
    1427.695837219986,
    722.1910448321402,
    853.0313195632591,
    1083.0052021107554,
    1647.2831106296176,
    604.3369417704032,
    1361.7022099138187,
    767.8736927943421,
    1137.6390031653402,
    485.5715931115527,
    874.6436632612852,
    400.69407830356533,
    899.4955222536897,
    772.386798509689,
    722.5109894033887,
    190.95755854528477,
    564.2666689378516,
    505.2323240544403,
    745.6318042909381,
    200.560599196878,
    1189.8900431699512,
    -253.61933638763907,
    1122.6171607244335,
    -291.6571557512026,
    833.6459631319354,
    531.1518014723052,
    1254.6031244419978,
    382.0302996395515,
    1165.3247053781793,
    395.91511832355184,
    1348.486077221345,
    495.8726638364734,
    708.6476946960154,
    -43.02756285065432,
    889.2083374606309,
    44.35040181126501,
    604.8869665685536,
    445.3568127323086,
    650.0776653820564,
    805.1273234644902,
    860.7034418019914,
    495.16295972417737,
    775.922804650943,
    697.8024310686887,
    603.6876243450936,
    435.50650526142437,
    486.2937639096126,
    906.2284344643192,
    452.55028405951305,
    254.33007556419625,
    873.2623823868076,
    167.48253202622337,
    401.1884123752735,
    1229.1525317224193,
    712.7228565229168,
    750.2468951692998,
    14.84711129124851,
    1046.1058477257284,
    12.1301367877644,
    1100.8335909688958,
    674.5247280198031,
    748.4029261032545,
    688.6426203511508,
    341.39534124290003,
    -34.91862691914266,
    387.2765915973575
  ],
  "phi_level_1": [
    762.8328473981829,
    160.53822988092028,
    266.42434262213186,
    458.0817781232568,
    259.3030906165323,
    649.9610578532231,
    282.6705475552021,
    176.23469243856096,
    656.6721606170707,
    1708.3746032785646
  ],
  "phi_mean_level_1": 538.1093350383646,
  "phi_std_level_1": 440.8289514106954,
  "css_level_2": [
    94.50283270176332,
    848.7282466758281,
    574.7224324485562,
    1037.4825819042949,
    785.5100167201676,
    346.00075026415334,
    1387.474564607285,
    691.8896498333173,
    1238.4042619136308,
    1199.4933716346004,
    1925.7104407178413,
    1463.3029697964187,
    969.6584956315708,
    298.87781769041106,
    -276.77018262993226,
    1188.9771474487782,
    175.18638891245809,
    490.5209496286876,
    25.79749799445208,
    142.04629510855156,
    -225.9462539714401,
    580.3204872827148,
    182.7652564610229,
    -219.44226917849818,
    60.39681016252136,
    914.5620127522712,
    172.87912925236407,
    -758.8958896118868,
    -570.1551346224471,
    978.1900504403726,
    -55.5831085583477,
    290.8459237153671,
    -170.5999216386415,
    424.06558640865876,
    -13.888527853965627,
    1138.8796723974133,
    860.1282284428147,
    1713.2814961679246,
    150.592664452914,
    1908.8342156259496,
    -616.3178212175859,
    628.6703089784369,
    -43.25432532787916,
    1344.6867784221636,
    -414.27286050772057,
    696.7852265350307,
    -158.93578872740423,
    1014.3167070773064,
    -310.84531782331226,
    1167.892699944618,
    -3.741741160006859,
    1716.582455114572,
    -251.18914987272893,
    1157.702129591985,
    -1464.224552245803,
    2153.432170824705,
    -779.4468290177297,
    657.6100541542031,
    -320.9579522040097,
    1464.2435753140803,
    -227.13986647029947,
    1624.055634014818,
    -395.0251996218536,
    1914.3915853757796,
    -301.8702759749913,
    1057.8326150538846,
    -67.7424840882511,
    929.1608388214524,
    -892.8812788485826,
    1256.9046842958228,
    -780.3186565577696,
    797.3895933722731,
    -9.573007528340076,
    1252.3286534051908,
    -230.3281719668114,
    587.4535341513742,
    518.568284334723,
    1139.3666929398212,
    432.60420163212194,
    1044.5737172400738,
    1070.534225145661,
    662.7842679850459,
    -113.87996521251402,
    794.4022205859321,
    39.49471909403718,
    774.4673430702933,
    1220.0003934011245,
    648.8095393579258,
    1150.2158137922556,
    688.2102234089277,
    851.4904747163439,
    -42.75813708823021,
    346.19995114395067,
    966.1953356615664,
    565.2715491857745,
    1052.5944440398903,
    -207.05954478006197,
    760.2275166579832,
    184.79277177853655
  ],
  "phi_level_2": [
    1944.5839498812154,
    381.117542357255,
    597.6069219552343,
    1083.245311441248,
    445.1672242435928,
    903.1995852025391,
    856.3167750960171,
    961.7626621030159,
    408.79707179610494,
    1346.7372389040045
  ],
  "phi_mean_level_2": 892.8534282980229,
  "phi_std_level_2": 462.4245598211619,
  "css_level_3": [
    354.4811178697495,
    634.4362138455144,
    53.44728422234742,
    472.3977723114282,
    59.88648165985008,
    -44.91013240851487,
    487.9200854280222,
    194.58788527122158,
    396.4996314195321,
    642.072389185953,
    738.5830449708759,
    618.9494355774825,
    169.75272788596425,
    11.748529001409725,
    -1185.9747454888404,
    280.29792228810703,
    -426.0269329277768,
    -41.05200953352685,
    -752.505229494982,
    -668.7652046755672,
    -663.6776786311246,
    89.66370267848455,
    -410.556289525805,
    -674.1184114222315,
    -576.857782852441,
    38.954283679878245,
    -396.4049862500725,
    -1137.9004988229071,
    -1156.533899474181,
    383.48026735712835,
    -555.652800747525,
    -162.46063605787305,
    -1016.5018327021107,
    -312.98427469486353,
    -628.1774487328248,
    537.8004935868256,
    112.54267890825035,
    998.9392774267322,
    -123.32926797554543,
    1277.6782794630665,
    -958.5231643819579,
    488.43234378136367,
    -259.20947821641903,
    852.340723433263,
    -932.7031906341265,
    443.9087695209757,
    -699.3516199321051,
    627.873580936432,
    -610.9648319487162,
    973.2529621118811,
    -451.3047244129615,
    1325.7903335185333,
    -269.3968774014055,
    746.5215925272593,
    -1276.5970805706809,
    1620.8524497008755,
    -635.8336120337062,
    672.4866899275161,
    -418.9307646343288,
    942.4243177197346,
    -430.0686887169845,
    906.4491520022699,
    -686.0771402505422,
    1353.254931725853,
    -553.5272648720861,
    696.2210132672533,
    -97.27825853752105,
    583.8662483208224,
    -869.2144194071136,
    990.9641109085378,
    -856.4129996377085,
    581.3647119003393,
    -267.2701966742659,
    862.2897665275693,
    -501.91624318259954,
    443.579938415072,
    141.0398500833488,
    976.5295281813685,
    58.76743298767842,
    924.7066586543144,
    347.0684047757215,
    632.9055735137736,
    -365.2240255645732,
    378.50808678765554,
    -135.47951879237232,
    571.662726060682,
    310.3952895763444,
    513.1757111862693,
    526.2698644285765,
    686.3678865854429,
    154.85684246705787,
    1.1503520235765479,
    -243.75114257045306,
    696.9945483401991,
    -11.2923516243461,
    690.8110508217748,
    -471.0321260085076,
    1015.7853649461131,
    -20.855899406383877
  ],