{
  "context_lengths": [
    10,
    20,
    30,
    50,
    75,
    100
  ],
  "phi_trajectory_level_1": [
    280.28640579199833,
    0.0,
    278.5312519485498,
    124.33029962529399,
    681.1003834894208,
    147.9133088134179
  ],
  "phi_std_level_1": [
    539.3454779779861,
    0.0,
    438.9266654293658,
    262.8800051396785,
    993.0815216450627,
    106.79931721838399
  ],
  "phi_trajectory_level_2": [
    693.2041904605683,
    77.21513918729414,
    624.0591389010721,
    882.6327773483383,
    674.919393448198,
    565.480608192717
  ],
  "phi_std_level_2": [
    981.4878457354436,
    133.74054418589608,
    486.9344674157826,
    1088.9527245789598,
    775.4638985055103,
    100.90356307069598
  ],
  "phi_trajectory_level_3": [
    871.2038411830459,
    315.452661894253,
    561.1203111415572,
    1659.0027300566046,
    1756.8106654583685,
    972.6689260559112
  ],
  "phi_std_level_3": [
    1004.5893052427142,
    389.4846283068365,
    413.7433389448355,
    1198.5404228440452,
    166.20476289240162,
    306.28475479249823
  ],
  "phi_trajectory_level_4": [
    1016.314777422589,
    510.8883230480245,
    1252.4344771421381,
    1304.2505290042936,
    1544.146964084468,
    1021.8191037745881
  ],
  "phi_std_level_4": [
    1260.415325881512,
    187.61031999972082,
    708.7646130077645,
    878.4775883167565,
    214.1808965895092,
    59.41423803525629
  ],
  "phi_trajectory_level_5": [
    2100.2776466549585,
    482.99732935842883,
    1079.4398470216559,
    1443.2329391010792,
    1459.805119835544,
    918.2915340257906
  ],
  "phi_std_level_5": [
    1007.7134096494302,
    206.40452094604146,
    681.3779330796658,
    937.1303804863787,
    266.6166846893045,
    67.65349073467814
  ]
}