{
  "natural": {
    "10": [
      189.88771335584644,
      0.0,
      0.0,
      190.54289666815166,
      0.0,
      0.0,
      0.0,
      0.0,
      0.0,
      268.5818249557577,
      143.01190402252448,
      0.0,
      0.0,
      0.0,
      0.0,
      82.0,
      0.0,
      0.0,
      0.0,
      0.0,
      0.0,
      79.6,
      0.0,
      783.7501051090799,
      209.04625199362042,
      262.64845178835543,
      236.30055625011323,
      0.0,
      0.0,
      523.5493489805082,
      521.6512161185259,
      0.0,
      0.0,
      0.0,
      0.0,
      0.0,
      0.0,
      0.0,
      0.0,
      0.0,
      0.0,
      0.0,
      0.0,
      0.0,
      315.4849630453267,
      527.781998657781,
      0.0,
      0.0,
      0.0,
      0.0
    ],
    "20": [
      0.0,
      204.12852459016395,
      0.0,
      94.21269186712486,
      0.0,
      0.0,
      0.0,
      0.0,
      100.18724951452299,
      207.5652608768128,
      0.0,
      111.93693456961597,
      331.11723218178554,
      205.96342235935998,
      0.0,
      35.45323741007194,
      125.10656620021528,
      124.39626548479674,
      88.16066435047877,
      132.2171535280779,
      0.0,
      130.634728940784,
      145.8415102807933,
      180.11405537869592,
      0.0,
      91.86629286176407,
      236.2509012256669,
      0.0,
      189.7309221390854,
      143.09170305676855,
      237.81430767580707,
      85.52338530066815,
      81.54094479715916,
      0.0,
      86.32132171198127,
      0.0,
      0.0,
      182.2004957950096,
      143.12471355408252,
      183.705566371889,
      208.16250599595404,
      0.0,
      155.44856972417122,
      79.61987041036717,
      0.0,
      0.0,
      0.0,
      0.0,
      104.5359509202454,
      91.51965952507616
    ],
    "50": [
      0.0,
      173.72870401489104,
      74.03354236546595,
      0.0,
      86.61701916393605,
      62.00032378177109,
      81.79111702771391,
      91.91060841010672,
      168.96062264380396,
      51.840615976900864,
      82.00229621125143,
      80.96770932779243,
      45.328352633545016,
      53.021517359622806,
      54.05074067767751,
      78.25016625355178,
      98.90307002414626,
      114.06983619656411,
      72.10963525195024,
      97.96896111009677,
      43.00143662283125,
      44.811612765503256,
      79.51398109032388,
      73.18427178357975,
      107.21005927788754,
      81.11064199677139,
      216.66330027995082,
      66.75268817204301,
      52.70372141968813,
      0.0,
      154.01809594263926,
      126.2408317311116,
      282.4214290195094,
      62.48683503492745,
      124.30096767823052,
      50.85828204905955,
      59.206657420249655,
      46.31565535913362,
      90.82002815202091,
      73.03042281119613,
      38.25710180170222,
      62.67713507450729,
      72.64790939525608,
      62.670015985384794,
      410.07014942050034,
      46.99735216240071,
      51.090190766452196,
      191.80565288484,
      36.00581625908791,
      41.0031612223393
    ],
    "100": [
      38.2910882221227,
      60.305078200424795,
      72.72246431254695,
      66.24477611940299,
      59.142402775769845,
      49.08861216386934,
      76.18775655898627,
      48.94398805078417,
      41.84615384615385,
      63.24499914515302,
      58.03077452075991,
      32.905515587529976,
      63.93994711251386,
      78.03390239488446,
      51.682251475261005,
      41.5796178343949,
      125.76353306892486,
      33.3767926988266,
      60.44004944375772,
      29.931659118979002,
      53.9658348984885,
      52.94269711331323,
      41.14224079816638,
      83.46807049668116,
      59.456806836449786,
      100.77950263752825,
      37.41538461538462,
      48.34660248102203,
      36.033399602385686,
      43.87219434908899,
      66.33840800347977,
      35.19137466307278,
      52.484245439469326,
      55.47374239911554,
      81.04490608284614,
      63.295704650337235,
      47.7098445595855,
      39.92619669277633,
      71.154771041187,
      49.85717995325889,
      47.95563315189484,
      46.8993183131138,
      81.4976098689283,
      40.96803294763679,
      42.805746710129185,
      37.444308445532435,
      47.115485864713285,
      47.21852563454343,
      50.15735883986424,
      52.55509483899426
    ],
    "200": [
      75.31868959457763,
      62.916948711273115,
      48.11081112806667,
      55.10264183629277,
      64.42309387395328,
      63.913536881923804,
      57.62250879249707,
      66.6945801349151,
      54.45249366949246,
      57.00888955853548,
      54.07313997477932,
      68.877678329265,
      59.53207547169812,
      74.96623540549069,
      70.25180897250362,
      52.70120511864828,
      61.6390321301071,
      63.83350010006003,
      91.28023598820059,
      72.715953307393,
      50.61394380853278,
      52.892561983471076,
      52.651162790697676,
      49.71564733915806,
      94.92583918813428,
      65.62627484874676,
      51.13801452784504,
      65.81427174975562,
      53.50925614271289,
      92.37403740374037,
      86.1464742717125,
      50.5914585012087,
      46.40980421461664,
      49.688202627658136,
      46.7027027027027,
      45.37229089741531,
      57.314129443938015,
      63.390006739193225,
      52.14814814814815,
      57.74564926372155,
      49.270724637681155,
      60.1025641025641,
      67.99445214979195,
      59.29394760614272,
      48.52017523633848,
      59.47353629976581,
      56.62672811059908,
      88.0884194479229,
      63.214440433213,
      50.17785843920145
    ]
  },
  "permuted": {
    "10": [
      384.06603247972595,
      0.0,
      0.0,
      386.0255936949082,
      0.0,
      0.0,
      0.0,
      0.0,
      0.0,
      309.12415083698636,
      528.8793700229526,
      0.0,
      62.73517786561265,
      0.0,
      0.0,
      197.38141288313392,
      0.0,
      0.0,
      0.0,
      0.0,
      0.0,
      80.38095238095238,
      0.0,
      74.98507462686567,
      314.69055517548503,
      255.39274822094205,
      220.12645566116083,
      0.0,
      0.0,
      199.93169673020617,
      81.69411764705882,
      0.0,
      0.0,
      0.0,
      0.0,
      0.0,
      0.0,
      0.0,
      0.0,
      0.0,
      0.0,
      0.0,
      0.0,
      0.0,
      219.2958912312217,
      169.05962103509705,
      0.0,
      0.0,
      0.0,
      0.0
    ],
    "20": [
      0.0,
      171.69279221244005,
      0.0,
      94.14803666712272,
      0.0,
      0.0,
      0.0,
      0.0,
      108.22352525609325,
      99.5643076923077,
      0.0,
      108.37056012234754,
      91.11463909913236,
      139.08410542910084,
      45.80392156862745,
      86.11948228112813,
      121.20788217095972,
      115.0183719193428,
      305.2429819010252,
      111.59887307870618,
      0.0,
      182.1751719984248,
      135.41432019308127,
      131.8814095671142,
      0.0,
      265.9912981362426,
      90.01782169075211,
      0.0,
      132.35605124340617,
      131.3625899717557,
      96.1589164785553,
      151.59400167880395,
      72.01480567550894,
      0.0,
      89.83610167936129,
      0.0,
      0.0,
      114.90307498651322,
      153.47027359045887,
      109.62922675063513,
      229.65212662583687,
      0.0,
      118.14606519591702,
      80.73421619956883,
      0.0,
      0.0,
      46.3448275862069,
      0.0,
      106.51166347992351,
      95.69482089892767
    ],