{
  "experiment1_hierarchy": {
    "distances": {
      "within_mid": [
        58.685020446777344,
        31.52227020263672,
        23.13675308227539,
        18.036975860595703,
        15.362136840820312,
        11.96803092956543,
        8.509383201599121,
        9.482677459716797
      ],
      "within_super": [
        79.61331176757812,
        33.807289123535156,
        37.86353302001953,
        27.14906883239746,
        18.662389755249023,
        14.81728744506836,
        11.929039001464844,
        9.865535736083984
      ],
      "across_super": [
        88.41677856445312,
        37.50330352783203,
        39.47035598754883,
        32.932640075683594,
        23.307418823242188,
        15.227620124816895,
        12.962810516357422,
        11.380428314208984
      ],
      "context_lengths": [
        5,
        10,
        15,
        20,
        30,
        50,
        75,
        100
      ]
    },
    "ratio_super": [
      1.5066328048706055,
      1.1897399425506592,
      1.7059592008590698,
      1.8258404731750488,
      1.5171990394592285,
      1.2723580598831177,
      1.5233548879623413,
      1.200128197669983
    ],
    "ratio_mid": [
      1.3566206693649292,
      1.0724890232086182,
      1.6365102529525757,
      1.5051896572113037,
      1.2148302793502808,
      1.2380722761154175,
      1.4018688201904297,
      1.040374517440796
    ]
  },
  "experiment2_semantic": {
    "similarities": {
      "semantic_same_graph_diff": [
        0.970963180065155,
        0.9579643607139587,
        0.9290691018104553,
        0.9079692363739014,
        0.9135854840278625,
        0.915537416934967,
        0.9292542338371277,
        0.9300847053527832
      ],
      "semantic_diff_graph_same": [
        0.9744160175323486,
        0.9496605396270752,
        0.9396324157714844,
        0.8928849697113037,
        0.9227783679962158,
        0.9317626953125,
        0.9536252617835999,
        0.9581382274627686
      ],
      "context_lengths": [
        5,
        10,
        15,
        20,
        30,
        50,
        75,
        100
      ]
    },
    "crossover_point": 5,
    "ratio": [
      1.0035561323165894,
      0.9913318157196045,
      1.0113698244094849,
      0.9833868145942688,
      1.0100624561309814,
      1.0177221298217773,
      1.0262264013290405,
      1.0301623344421387
    ]
  },
  "config": {
    "model": "meta-llama/Llama-3.1-8B",
    "context_lengths": [
      5,
      10,
      15,
      20,
      30,
      50,
      75,
      100
    ],
    "n_samples": 50,
    "layer_idx": -5
  }
}