{
  "context_lengths": [
    5,
    10,
    15,
    20,
    30,
    50,
    75,
    100,
    150,
    200,
    300,
    500,
    750,
    1000,
    1500,
    2000,
    2500,
    3000,
    3500,
    4000,
    4500,
    5000,
    5500,
    6000,
    6500,
    7000,
    7500,
    8000,
    8500,
    9000,
    9500,
    10000
  ],
  "centered_cos_semantic_same": [
    -0.28756871819496155,
    0.16554681956768036,
    -0.1383335143327713,
    0.021232882514595985,
    -0.01225336641073227,
    -0.12139854580163956,
    -0.06610849499702454,
    -0.1643572449684143,
    -0.19094808399677277,
    -0.2235281616449356,
    -0.21133603155612946,
    -0.17094387114048004,
    -0.29304102063179016,
    -0.33107566833496094,
    -0.1969716101884842,
    -0.1784285306930542,
    -0.19362850487232208,
    -0.15168438851833344,
    -0.10414748638868332,
    -0.06650874763727188,
    -0.010507871396839619,
    -0.12875914573669434,
    -0.043123114854097366,
    -0.05801612511277199,
    -0.07353933155536652,
    -0.06979071348905563,
    -0.14061444997787476,
    -0.11085966974496841,
    -0.15366774797439575,
    -0.10859914869070053,
    -0.1598878800868988,
    -0.08137297630310059
  ],
  "centered_cos_graph_same": [
    -0.16208656132221222,
    -0.05345204100012779,
    0.12697848677635193,
    0.08151161670684814,
    0.1308535486459732,
    0.09574932605028152,
    0.29576027393341064,
    0.2686005234718323,
    0.42189821600914,
    0.446081280708313,
    0.4584818482398987,
    0.3891536593437195,
    0.596768856048584,
    0.6561119556427002,
    0.44730520248413086,
    0.41051340103149414,
    0.4389733076095581,
    0.3751382827758789,
    0.29779529571533203,
    0.24062752723693848,
    0.14441043138504028,
    0.310545951128006,
    0.15973511338233948,
    0.1936378926038742,
    0.1968945413827896,
    0.18031306564807892,
    0.25886455178260803,
    0.21983282268047333,
    0.25146815180778503,
    0.16542887687683105,
    0.2305726259946823,
    0.12066757678985596
  ],
  "l2_semantic_same": [
    83.26092529296875,
    32.26930618286133,
    23.857925415039062,
    23.93217658996582,
    17.284509658813477,
    16.000566482543945,
    13.263736724853516,
    12.679020881652832,
    10.757550239562988,
    11.838292121887207,
    12.519699096679688,
    14.275081634521484,
    13.681453704833984,
    12.45841121673584,
    14.307021141052246,
    12.51656723022461,
    12.865653991699219,
    11.565201759338379,
    11.201708793640137,
    11.518115043640137,
    11.690422058105469,
    10.035080909729004,
    10.663981437683105,
    10.206180572509766,
    9.519186973571777,
    9.322709083557129,
    8.64145278930664,
    8.273967742919922,
    8.09034252166748,
    8.407017707824707,
    7.86962890625,
    8.181056022644043
  ],
  "l2_graph_same": [
    77.89977264404297,
    40.864288330078125,
    21.805936813354492,
    24.523082733154297,
    16.77722930908203,
    14.34650993347168,
    10.684048652648926,
    9.852499008178711,
    7.254308700561523,
    7.783958435058594,
    8.029742240905762,
    10.006665229797363,
    7.13922643661499,
    5.766449451446533,
    9.360301971435547,
    8.56430721282959,
    8.48672103881836,
    8.265963554382324,
    8.783772468566895,
    9.596141815185547,
    10.739441871643066,
    7.7257561683654785,
    9.56245231628418,
    8.897765159606934,
    8.244427680969238,
    8.194698333740234,
    6.97426176071167,
    6.986172199249268,
    6.568682670593262,
    7.397573471069336,
    6.484415054321289,
    7.512524127960205
  ],
  "raw_cos_semantic_same": [
    0.970963180065155,
    0.9579644203186035,
    0.9290691018104553,
    0.9079692959785461,
    0.9135854244232178,
    0.9155375957489014,
    0.9292542338371277,
    0.9300847053527832,
    0.9469817280769348,
    0.9353557229042053,
    0.9276943206787109,
    0.9084296822547913,
    0.9140576720237732,
    0.9274680614471436,
    0.9102370142936707,
    0.9307754635810852,
    0.928598940372467,
    0.9419679045677185,
    0.9472013115882874,
    0.9444661140441895,
    0.9455018639564514,
    0.9589164853096008,
    0.9560723900794983,
    0.9605165123939514,
    0.9665272235870361,
    0.9694949984550476,
    0.9746010899543762,
    0.9783796668052673,
    0.9796027541160583,
    0.9790330529212952,
    0.9823699593544006,
    0.9817657470703125
  ],
  "raw_cos_graph_same": [
    0.9744160771369934,
    0.94966059923172,
    0.9396324157714844,
    0.8928850889205933,
    0.9227784276008606,
    0.9317628145217896,
    0.9536253809928894,
    0.9581382274627686,
    0.9762190580368042,
    0.972163736820221,
    0.9708853960037231,
    0.95573490858078,
    0.9771643877029419,
    0.9845831990242004,
    0.9623591899871826,
    0.9681294560432434,
    0.9693520665168762,
    0.9705740809440613,
    0.96769118309021,
    0.9617076516151428,
    0.9545489549636841,
    0.9757804870605469,
    0.9649932384490967,
    0.9702950716018677,
    0.975395917892456,
    0.9768092036247253,
    0.9837842583656311,
    0.9850138425827026,
    0.98681640625,
    0.9841001033782959,
    0.9883317947387695,
    0.9852434992790222
  ],
  "centered_cos_all": [
    -0.06635402143001556,
    -0.0066817509941756725,
    -0.08198511600494385,
    -0.0793834775686264,
    -0.08333823084831238,
    -0.07813291996717453,
    -0.08936646580696106,
    -0.08833597600460052,
    -0.08731531351804733,
    -0.08467715233564377,
    -0.08614568412303925,
    -0.08832468092441559,
    -0.08240801095962524,
    -0.08246693760156631,
    -0.08609339594841003,
    -0.0868566557765007,
    -0.08801249414682388,
    -0.08838756382465363,
    -0.08951286971569061,
    -0.08938013762235641,
    -0.08981450647115707,
    -0.08918147534132004,
    -0.08945023268461227,
    -0.08948147296905518,
    -0.08893465250730515,
    -0.08920006453990936,
    -0.08892709761857986,
    -0.08882413804531097,
    -0.0887836366891861,
    -0.08878108114004135,
    -0.08866336196660995,
    -0.08878518640995026
  ],
  "l2_all": [
    74.26132202148438,
    38.74261474609375,
    23.58450698852539,
    26.506378173828125,
    18.253440856933594,
    15.393853187561035,
    13.30490779876709,
    12.116766929626465,
    10.078914642333984,
    10.909358978271484,
    11.576057434082031,
    13.522294044494629,
    12.056121826171875,
    10.722882270812988,
    13.330880165100098,
    11.792398452758789,
    12.021613121032715,
    11.059385299682617,
    11.021476745605469,
    11.557300567626953,
    12.145983695983887,
    9.7733793258667,
    10.907339096069336,
    10.360906600952148,
    9.63140869140625,
    9.455917358398438,
    8.465993881225586,
    8.267487525939941,
    7.918486595153809,
    8.448147773742676,
    7.704475402832031,
    8.360451698303223
  ],
  "crossover_centered_cos": 5,
  "crossover_l2": 5
}